{
  "name": "exp6_horn_yesno",
  "provider": "google",
  "model": "gemini-2.5-flash",
  "run": "demo-1758610135",
  "total": 300,
  "correct": 193,
  "accuracy": 0.6433333333333333,
  "unclear": 4,
  "sat_total": 150,
  "sat_correct": 50,
  "sat_accuracy": 0.3333333333333333,
  "unsat_total": 150,
  "unsat_correct": 143,
  "unsat_accuracy": 0.9533333333333334,
  "avg_timing_ms": 576.456081081081,
  "timestamp": 1758616222
}