{
  "name": "exp6_horn_yesno",
  "provider": "anthropic",
  "model": "claude-opus-4-1",
  "run": "demo-1758610135",
  "total": 300,
  "correct": 119,
  "accuracy": 0.39666666666666667,
  "unclear": 181,
  "sat_total": 150,
  "sat_correct": 59,
  "sat_accuracy": 0.3933333333333333,
  "unsat_total": 150,
  "unsat_correct": 60,
  "unsat_accuracy": 0.4,
  "avg_timing_ms": 11848.882352941177,
  "timestamp": 1758616222
}