{
  "name": "exp6_horn_yesno",
  "provider": "openai",
  "model": "gpt-5-2025-08-07",
  "run": "full-20250929-1349",
  "total": 520,
  "correct": 434,
  "accuracy": 0.8346153846153846,
  "unclear": 86,
  "sat_total": 260,
  "sat_correct": 175,
  "sat_accuracy": 0.6730769230769231,
  "unsat_total": 260,
  "unsat_correct": 259,
  "unsat_accuracy": 0.9961538461538462,
  "avg_timing_ms": 14885.666666666666,
  "timestamp": 1759160727
}