{
  "name": "exp6_horn_yesno",
  "provider": "openai",
  "model": "gpt-5-mini-2025-08-07",
  "run": "full-20250929-1349",
  "total": 520,
  "correct": 482,
  "accuracy": 0.926923076923077,
  "unclear": 38,
  "sat_total": 260,
  "sat_correct": 223,
  "sat_accuracy": 0.8576923076923076,
  "unsat_total": 260,
  "unsat_correct": 259,
  "unsat_accuracy": 0.9961538461538462,
  "avg_timing_ms": 14076.571153846155,
  "timestamp": 1759160727
}